#Cores,Input Fraction
16,0.061678
32,0.125
12,0.055921
12,0.050164
4,0.015625
4,0.021382
